Run,Assay Type,AvgSpotLen,Bases,BioProject,BioSample,BioSampleModel,Bytes,Center Name,Collection_Date,Consent,DATASTORE filetype,DATASTORE provider,DATASTORE region,Experiment,geo_loc_name_country,geo_loc_name_country_continent,geo_loc_name,Host,Instrument,isolation_source,lat_lon,Library Name,LibraryLayout,LibrarySelection,LibrarySource,Organism,Platform,ReleaseDate,create_date,version,Sample Name,SRA Study
SRR25100784,AMPLICON,602,55089622,PRJNA989655,SAMN36181841,Metagenome or environmental,34570114,OREGON STATE UNIVERSITY,2020-07,public,"run.zq,sra,fastq","s3,ncbi,gs","gs.us-east1,s3.us-east-1,ncbi.public",SRX20853974,USA,North America,"USA: Corvallis\, OR",Phaseolus vulgaris,Illumina MiSeq,98_D178_myco,44.555881 N 123.214569 W,98_D178_myco_D178,PAIRED,PCR,METAGENOMIC,rhizosphere metagenome,ILLUMINA,2023-06-30T00:00:00Z,2023-06-30T19:41:00Z,1,98_D178_myco,SRP446870
SRR25100785,AMPLICON,602,34360956,PRJNA989655,SAMN36181840,Metagenome or environmental,21799080,OREGON STATE UNIVERSITY,2020-07,public,"fastq,sra,run.zq","ncbi,gs,s3","s3.us-east-1,gs.us-east1,ncbi.public",SRX20853973,USA,North America,"USA: Corvallis\, OR",Phaseolus vulgaris,Illumina MiSeq,121_D89_myco,44.555881 N 123.214569 W,121_D89_myco_D89,PAIRED,PCR,METAGENOMIC,rhizosphere metagenome,ILLUMINA,2023-06-30T00:00:00Z,2023-06-30T19:40:00Z,1,121_D89_myco,SRP446870
SRR25100786,AMPLICON,602,24981194,PRJNA989655,SAMN36181839,Metagenome or environmental,15467714,OREGON STATE UNIVERSITY,2020-07,public,"run.zq,sra,fastq","gs,s3,ncbi","ncbi.public,s3.us-east-1,gs.us-east1",SRX20853972,USA,North America,"USA: Corvallis\, OR",Phaseolus vulgaris,Illumina MiSeq,109_D6_myco,44.555881 N 123.214569 W,109_D6_myco_D6,PAIRED,PCR,METAGENOMIC,rhizosphere metagenome,ILLUMINA,2023-06-30T00:00:00Z,2023-06-30T19:40:00Z,1,109_D6_myco,SRP446870
SRR25100787,AMPLICON,602,39387054,PRJNA989655,SAMN36181838,Metagenome or environmental,24730555,OREGON STATE UNIVERSITY,2020-07,public,"run.zq,fastq,sra","s3,gs,ncbi","ncbi.public,s3.us-east-1,gs.us-east1",SRX20853971,USA,North America,"USA: Corvallis\, OR",Phaseolus vulgaris,Illumina MiSeq,97_D178_myco,44.555881 N 123.214569 W,97_D178_myco_D178,PAIRED,PCR,METAGENOMIC,rhizosphere metagenome,ILLUMINA,2023-06-30T00:00:00Z,2023-06-30T19:40:00Z,1,97_D178_myco,SRP446870
SRR25100788,AMPLICON,602,15321502,PRJNA989655,SAMN36181837,Metagenome or environmental,9987312,OREGON STATE UNIVERSITY,2020-07,public,"fastq,sra,run.zq","s3,gs,ncbi","gs.us-east1,ncbi.public,s3.us-east-1",SRX20853970,USA,North America,"USA: Corvallis\, OR",Phaseolus vulgaris,Illumina MiSeq,96_A6_myco,44.555881 N 123.214569 W,96_A6_myco_A6,PAIRED,PCR,METAGENOMIC,rhizosphere metagenome,ILLUMINA,2023-06-30T00:00:00Z,2023-06-30T19:40:00Z,1,96_A6_myco,SRP446870
SRR25100789,AMPLICON,602,26149676,PRJNA989655,SAMN36181836,Metagenome or environmental,16807846,OREGON STATE UNIVERSITY,2020-07,public,"run.zq,sra,fastq","gs,s3,ncbi","gs.us-east1,s3.us-east-1,ncbi.public",SRX20853969,USA,North America,"USA: Corvallis\, OR",Phaseolus vulgaris,Illumina MiSeq,84_C106_myco,44.555881 N 123.214569 W,84_C106_myco_C106,PAIRED,PCR,METAGENOMIC,rhizosphere metagenome,ILLUMINA,2023-06-30T00:00:00Z,2023-06-30T19:41:00Z,1,84_C106_myco,SRP446870
SRR25100790,AMPLICON,602,16348514,PRJNA989655,SAMN36181835,Metagenome or environmental,10428871,OREGON STATE UNIVERSITY,2020-07,public,"run.zq,sra,fastq","gs,ncbi,s3","ncbi.public,s3.us-east-1,gs.us-east1",SRX20853968,USA,North America,"USA: Corvallis\, OR",Phaseolus vulgaris,Illumina MiSeq,72_B22_myco,44.555881 N 123.214569 W,72_B22_myco_B22,PAIRED,PCR,METAGENOMIC,rhizosphere metagenome,ILLUMINA,2023-06-30T00:00:00Z,2023-06-30T19:41:00Z,1,72_B22_myco,SRP446870
SRR25100791,AMPLICON,602,29600340,PRJNA989655,SAMN36181834,Metagenome or environmental,18852550,OREGON STATE UNIVERSITY,2020-07,public,"sra,fastq,run.zq","ncbi,gs,s3","ncbi.public,s3.us-east-1,gs.us-east1",SRX20853967,USA,North America,"USA: Corvallis\, OR",Phaseolus vulgaris,Illumina MiSeq,60_D149_myco,44.555881 N 123.214569 W,60_D149_myco_D149,PAIRED,PCR,METAGENOMIC,rhizosphere metagenome,ILLUMINA,2023-06-30T00:00:00Z,2023-06-30T19:41:00Z,1,60_D149_myco,SRP446870
SRR25100792,AMPLICON,602,13076042,PRJNA989655,SAMN36181833,Metagenome or environmental,8329023,OREGON STATE UNIVERSITY,2020-07,public,"run.zq,fastq,sra","ncbi,gs,s3","ncbi.public,s3.us-east-1,gs.us-east1",SRX20853966,USA,North America,"USA: Corvallis\, OR",Phaseolus vulgaris,Illumina MiSeq,48_D17_myco,44.555881 N 123.214569 W,48_D17_myco_D17,PAIRED,PCR,METAGENOMIC,rhizosphere metagenome,ILLUMINA,2023-06-30T00:00:00Z,2023-06-30T19:41:00Z,1,48_D17_myco,SRP446870
SRR25100793,AMPLICON,602,26684854,PRJNA989655,SAMN36181789,Metagenome or environmental,16691461,OREGON STATE UNIVERSITY,2020-07,public,"sra,fastq,run.zq","gs,ncbi,s3","s3.us-east-1,gs.us-east1,ncbi.public",SRX20853965,USA,North America,"USA: Corvallis\, OR",Phaseolus vulgaris,Illumina MiSeq,90_D160_myco,44.555881 N 123.214569 W,90_D160_myco_D160,PAIRED,PCR,METAGENOMIC,rhizosphere metagenome,ILLUMINA,2023-06-30T00:00:00Z,2023-06-30T19:41:00Z,1,90_D160_myco,SRP446870
SRR25100794,AMPLICON,602,27353676,PRJNA989655,SAMN36181788,Metagenome or environmental,17174226,OREGON STATE UNIVERSITY,2020-07,public,"sra,run.zq,fastq","gs,s3,ncbi","ncbi.public,s3.us-east-1,gs.us-east1",SRX20853964,USA,North America,"USA: Corvallis\, OR",Phaseolus vulgaris,Illumina MiSeq,78_A13_myco,44.555881 N 123.214569 W,78_A13_myco_A13,PAIRED,PCR,METAGENOMIC,rhizosphere metagenome,ILLUMINA,2023-06-30T00:00:00Z,2023-06-30T19:41:00Z,1,78_A13_myco,SRP446870
SRR25100795,AMPLICON,602,15942164,PRJNA989655,SAMN36181787,Metagenome or environmental,10369803,OREGON STATE UNIVERSITY,2020-07,public,"run.zq,sra,fastq","gs,ncbi,s3","gs.us-east1,s3.us-east-1,ncbi.public",SRX20853963,USA,North America,"USA: Corvallis\, OR",Phaseolus vulgaris,Illumina MiSeq,66_D125_myco,44.555881 N 123.214569 W,66_D125_myco_D125,PAIRED,PCR,METAGENOMIC,rhizosphere metagenome,ILLUMINA,2023-06-30T00:00:00Z,2023-06-30T19:41:00Z,1,66_D125_myco,SRP446870
SRR25100796,AMPLICON,602,14714686,PRJNA989655,SAMN36181786,Metagenome or environmental,9369748,OREGON STATE UNIVERSITY,2020-07,public,"fastq,run.zq,sra","s3,ncbi,gs","ncbi.public,gs.us-east1,s3.us-east-1",SRX20853962,USA,North America,"USA: Corvallis\, OR",Phaseolus vulgaris,Illumina MiSeq,54_C91_myco,44.555881 N 123.214569 W,54_C91_myco_C91,PAIRED,PCR,METAGENOMIC,rhizosphere metagenome,ILLUMINA,2023-06-30T00:00:00Z,2023-06-30T19:41:00Z,1,54_C91_myco,SRP446870
SRR25100797,AMPLICON,602,15142106,PRJNA989655,SAMN36181785,Metagenome or environmental,9783079,OREGON STATE UNIVERSITY,2020-07,public,"sra,fastq,run.zq","ncbi,gs,s3","ncbi.public,gs.us-east1,s3.us-east-1",SRX20853961,USA,North America,"USA: Corvallis\, OR",Phaseolus vulgaris,Illumina MiSeq,42_B197_myco,44.555881 N 123.214569 W,42_B197_myco_B197,PAIRED,PCR,METAGENOMIC,rhizosphere metagenome,ILLUMINA,2023-06-30T00:00:00Z,2023-06-30T19:41:00Z,1,42_B197_myco,SRP446870
SRR25100798,AMPLICON,602,5522146,PRJNA989655,SAMN36181784,Metagenome or environmental,3607824,OREGON STATE UNIVERSITY,2020-07,public,"run.zq,sra,fastq","gs,ncbi,s3","ncbi.public,gs.us-east1,s3.us-east-1",SRX20853960,USA,North America,"USA: Corvallis\, OR",Phaseolus vulgaris,Illumina MiSeq,30_C2_myco,44.555881 N 123.214569 W,30_C2_myco_C2,PAIRED,PCR,METAGENOMIC,rhizosphere metagenome,ILLUMINA,2023-06-30T00:00:00Z,2023-06-30T19:41:00Z,1,30_C2_myco,SRP446870
SRR25100799,AMPLICON,602,23310042,PRJNA989655,SAMN36181783,Metagenome or environmental,14626826,OREGON STATE UNIVERSITY,2020-07,public,"run.zq,fastq,sra","gs,s3,ncbi","ncbi.public,gs.us-east1,s3.us-east-1",SRX20853959,USA,North America,"USA: Corvallis\, OR",Phaseolus vulgaris,Illumina MiSeq,18_B29_myco,44.555881 N 123.214569 W,18_B29_myco_B29,PAIRED,PCR,METAGENOMIC,rhizosphere metagenome,ILLUMINA,2023-06-30T00:00:00Z,2023-06-30T19:41:00Z,1,18_B29_myco,SRP446870
SRR25100800,AMPLICON,602,21965776,PRJNA989655,SAMN36181782,Metagenome or environmental,13457889,OREGON STATE UNIVERSITY,2020-07,public,"run.zq,fastq,sra","gs,ncbi,s3","s3.us-east-1,ncbi.public,gs.us-east1",SRX20853958,USA,North America,"USA: Corvallis\, OR",Phaseolus vulgaris,Illumina MiSeq,6_Hystyle_myco,44.555881 N 123.214569 W,6_Hystyle_myco_Hystyle,PAIRED,PCR,METAGENOMIC,rhizosphere metagenome,ILLUMINA,2023-06-30T00:00:00Z,2023-06-30T19:41:00Z,1,6_Hystyle_myco,SRP446870
SRR25100801,AMPLICON,602,23143288,PRJNA989655,SAMN36181746,Metagenome or environmental,14462126,OREGON STATE UNIVERSITY,2020-07,public,"fastq,sra,run.zq","gs,s3,ncbi","s3.us-east-1,gs.us-east1,ncbi.public",SRX20853957,USA,North America,"USA: Corvallis\, OR",Phaseolus vulgaris,Illumina MiSeq,49_A67_myco,44.555881 N 123.214569 W,49_A67_myco_A67,PAIRED,PCR,METAGENOMIC,rhizosphere metagenome,ILLUMINA,2023-06-30T00:00:00Z,2023-06-30T19:42:00Z,1,49_A67_myco,SRP446870
SRR25100802,AMPLICON,602,28042966,PRJNA989655,SAMN36181781,Metagenome or environmental,18066226,OREGON STATE UNIVERSITY,2020-07,public,"run.zq,sra,fastq","s3,gs,ncbi","ncbi.public,s3.us-east-1,gs.us-east1",SRX20853956,USA,North America,"USA: Corvallis\, OR",Phaseolus vulgaris,Illumina MiSeq,89_D160_myco,44.555881 N 123.214569 W,89_D160_myco_D160,PAIRED,PCR,METAGENOMIC,rhizosphere metagenome,ILLUMINA,2023-06-30T00:00:00Z,2023-06-30T19:41:00Z,1,89_D160_myco,SRP446870
SRR25100803,AMPLICON,602,23954182,PRJNA989655,SAMN36181780,Metagenome or environmental,14992777,OREGON STATE UNIVERSITY,2020-07,public,"sra,run.zq,fastq","s3,gs,ncbi","gs.us-east1,ncbi.public,s3.us-east-1",SRX20853955,USA,North America,"USA: Corvallis\, OR",Phaseolus vulgaris,Illumina MiSeq,77_A13_myco,44.555881 N 123.214569 W,77_A13_myco_A13,PAIRED,PCR,METAGENOMIC,rhizosphere metagenome,ILLUMINA,2023-06-30T00:00:00Z,2023-06-30T19:42:00Z,1,77_A13_myco,SRP446870
SRR25100804,AMPLICON,602,21310800,PRJNA989655,SAMN36181779,Metagenome or environmental,13646705,OREGON STATE UNIVERSITY,2020-07,public,"run.zq,fastq,sra","ncbi,s3,gs","gs.us-east1,ncbi.public,s3.us-east-1",SRX20853954,USA,North America,"USA: Corvallis\, OR",Phaseolus vulgaris,Illumina MiSeq,65_D125_myco,44.555881 N 123.214569 W,65_D125_myco_D125,PAIRED,PCR,METAGENOMIC,rhizosphere metagenome,ILLUMINA,2023-06-30T00:00:00Z,2023-06-30T19:41:00Z,1,65_D125_myco,SRP446870
SRR25100805,AMPLICON,602,5118204,PRJNA989655,SAMN36181778,Metagenome or environmental,3275750,OREGON STATE UNIVERSITY,2020-07,public,"sra,run.zq,fastq","gs,s3,ncbi","gs.us-east1,s3.us-east-1,ncbi.public",SRX20853953,USA,North America,"USA: Corvallis\, OR",Phaseolus vulgaris,Illumina MiSeq,53_C91_myco,44.555881 N 123.214569 W,53_C91_myco_C91,PAIRED,PCR,METAGENOMIC,rhizosphere metagenome,ILLUMINA,2023-06-30T00:00:00Z,2023-06-30T19:41:00Z,1,53_C91_myco,SRP446870
SRR25100806,AMPLICON,602,6492570,PRJNA989655,SAMN36181777,Metagenome or environmental,4243836,OREGON STATE UNIVERSITY,2020-07,public,"fastq,sra,run.zq","gs,s3,ncbi","s3.us-east-1,gs.us-east1,ncbi.public",SRX20853952,USA,North America,"USA: Corvallis\, OR",Phaseolus vulgaris,Illumina MiSeq,41_B197_myco,44.555881 N 123.214569 W,41_B197_myco_B197,PAIRED,PCR,METAGENOMIC,rhizosphere metagenome,ILLUMINA,2023-06-30T00:00:00Z,2023-06-30T19:41:00Z,1,41_B197_myco,SRP446870
SRR25100807,AMPLICON,602,19914762,PRJNA989655,SAMN36181776,Metagenome or environmental,12613076,OREGON STATE UNIVERSITY,2020-07,public,"fastq,sra,run.zq","gs,ncbi,s3","gs.us-east1,s3.us-east-1,ncbi.public",SRX20853951,USA,North America,"USA: Corvallis\, OR",Phaseolus vulgaris,Illumina MiSeq,29_C2_myco,44.555881 N 123.214569 W,29_C2_myco_C2,PAIRED,PCR,METAGENOMIC,rhizosphere metagenome,ILLUMINA,2023-06-30T00:00:00Z,2023-06-30T19:41:00Z,1,29_C2_myco,SRP446870
SRR25100808,AMPLICON,602,12624542,PRJNA989655,SAMN36181775,Metagenome or environmental,8323634,OREGON STATE UNIVERSITY,2020-07,public,"run.zq,sra,fastq","s3,gs,ncbi","ncbi.public,gs.us-east1,s3.us-east-1",SRX20853950,USA,North America,"USA: Corvallis\, OR",Phaseolus vulgaris,Illumina MiSeq,17_B29_myco,44.555881 N 123.214569 W,17_B29_myco_B29,PAIRED,PCR,METAGENOMIC,rhizosphere metagenome,ILLUMINA,2023-06-30T00:00:00Z,2023-06-30T19:41:00Z,1,17_B29_myco,SRP446870
SRR25100809,AMPLICON,602,21509460,PRJNA989655,SAMN36181818,Metagenome or environmental,13881960,OREGON STATE UNIVERSITY,2020-07,public,"run.zq,fastq,sra","s3,ncbi,gs","ncbi.public,s3.us-east-1,gs.us-east1",SRX20853949,USA,North America,"USA: Corvallis\, OR",Phaseolus vulgaris,Illumina MiSeq,58_D149_myco,44.555881 N 123.214569 W,58_D149_myco_D149,PAIRED,PCR,METAGENOMIC,rhizosphere metagenome,ILLUMINA,2023-06-30T00:00:00Z,2023-06-30T19:41:00Z,1,58_D149_myco,SRP446870
SRR25100810,AMPLICON,602,23757328,PRJNA989655,SAMN36181817,Metagenome or environmental,14904244,OREGON STATE UNIVERSITY,2020-07,public,"fastq,sra,run.zq","gs,ncbi,s3","s3.us-east-1,ncbi.public,gs.us-east1",SRX20853948,USA,North America,"USA: Corvallis\, OR",Phaseolus vulgaris,Illumina MiSeq,46_D17_myco,44.555881 N 123.214569 W,46_D17_myco_D17,PAIRED,PCR,METAGENOMIC,rhizosphere metagenome,ILLUMINA,2023-06-30T00:00:00Z,2023-06-30T19:41:00Z,1,46_D17_myco,SRP446870
SRR25100811,AMPLICON,602,11569236,PRJNA989655,SAMN36181816,Metagenome or environmental,7425184,OREGON STATE UNIVERSITY,2020-07,public,"fastq,sra,run.zq","ncbi,gs,s3","ncbi.public,gs.us-east1,s3.us-east-1",SRX20853947,USA,North America,"USA: Corvallis\, OR",Phaseolus vulgaris,Illumina MiSeq,34_BV_myco,44.555881 N 123.214569 W,34_BV_myco_BV,PAIRED,PCR,METAGENOMIC,rhizosphere metagenome,ILLUMINA,2023-06-30T00:00:00Z,2023-06-30T19:41:00Z,1,34_BV_myco,SRP446870
SRR25100812,AMPLICON,602,13469750,PRJNA989655,SAMN36181815,Metagenome or environmental,8545305,OREGON STATE UNIVERSITY,2020-07,public,"fastq,run.zq,sra","ncbi,gs,s3","gs.us-east1,s3.us-east-1,ncbi.public",SRX20853946,USA,North America,"USA: Corvallis\, OR",Phaseolus vulgaris,Illumina MiSeq,22_B21_myco,44.555881 N 123.214569 W,22_B21_myco_B21,PAIRED,PCR,METAGENOMIC,rhizosphere metagenome,ILLUMINA,2023-06-30T00:00:00Z,2023-06-30T19:41:00Z,1,22_B21_myco,SRP446870
SRR25100813,AMPLICON,602,24350900,PRJNA989655,SAMN36181814,Metagenome or environmental,15942202,OREGON STATE UNIVERSITY,2020-07,public,"run.zq,sra,fastq","gs,s3,ncbi","s3.us-east-1,ncbi.public,gs.us-east1",SRX20853945,USA,North America,"USA: Corvallis\, OR",Phaseolus vulgaris,Illumina MiSeq,10_A78_myco,44.555881 N 123.214569 W,10_A78_myco_A78,PAIRED,PCR,METAGENOMIC,rhizosphere metagenome,ILLUMINA,2023-06-30T00:00:00Z,2023-06-30T19:41:00Z,1,10_A78_myco,SRP446870
SRR25100814,AMPLICON,602,31993290,PRJNA989655,SAMN36181813,Metagenome or environmental,20218907,OREGON STATE UNIVERSITY,2020-07,public,"run.zq,sra,fastq","ncbi,gs,s3","ncbi.public,s3.us-east-1,gs.us-east1",SRX20853944,USA,North America,"USA: Corvallis\, OR",Phaseolus vulgaris,Illumina MiSeq,93_C121_myco,44.555881 N 123.214569 W,93_C121_myco_C121,PAIRED,PCR,METAGENOMIC,rhizosphere metagenome,ILLUMINA,2023-06-30T00:00:00Z,2023-06-30T19:41:00Z,1,93_C121_myco,SRP446870
SRR25100815,AMPLICON,602,34076210,PRJNA989655,SAMN36181812,Metagenome or environmental,21550963,OREGON STATE UNIVERSITY,2020-07,public,"fastq,run.zq,sra","ncbi,gs,s3","s3.us-east-1,ncbi.public,gs.us-east1",SRX20853943,USA,North America,"USA: Corvallis\, OR",Phaseolus vulgaris,Illumina MiSeq,81_C103_myco,44.555881 N 123.214569 W,81_C103_myco_C103,PAIRED,PCR,METAGENOMIC,rhizosphere metagenome,ILLUMINA,2023-06-30T00:00:00Z,2023-06-30T19:41:00Z,1,81_C103_myco,SRP446870
SRR25100816,AMPLICON,602,17773448,PRJNA989655,SAMN36181749,Metagenome or environmental,11560853,OREGON STATE UNIVERSITY,2020-07,public,"run.zq,sra,fastq","s3,gs,ncbi","gs.us-east1,ncbi.public,s3.us-east-1",SRX20853942,USA,North America,"USA: Corvallis\, OR",Phaseolus vulgaris,Illumina MiSeq,85_A107_myco,44.555881 N 123.214569 W,85_A107_myco_A107,PAIRED,PCR,METAGENOMIC,rhizosphere metagenome,ILLUMINA,2023-06-30T00:00:00Z,2023-06-30T19:41:00Z,1,85_A107_myco,SRP446870
SRR25100817,AMPLICON,602,25433898,PRJNA989655,SAMN36181811,Metagenome or environmental,16422595,OREGON STATE UNIVERSITY,2020-07,public,"fastq,sra,run.zq","gs,ncbi,s3","gs.us-east1,s3.us-east-1,ncbi.public",SRX20853941,USA,North America,"USA: Corvallis\, OR",Phaseolus vulgaris,Illumina MiSeq,69_A53_myco,44.555881 N 123.214569 W,69_A53_myco_A53,PAIRED,PCR,METAGENOMIC,rhizosphere metagenome,ILLUMINA,2023-06-30T00:00:00Z,2023-06-30T19:41:00Z,1,69_A53_myco,SRP446870
SRR25100818,AMPLICON,602,19720316,PRJNA989655,SAMN36181810,Metagenome or environmental,12549881,OREGON STATE UNIVERSITY,2020-07,public,"run.zq,fastq,sra","ncbi,s3,gs","ncbi.public,gs.us-east1,s3.us-east-1",SRX20853940,USA,North America,"USA: Corvallis\, OR",Phaseolus vulgaris,Illumina MiSeq,57_PR_myco,44.555881 N 123.214569 W,57_PR_myco_PR,PAIRED,PCR,METAGENOMIC,rhizosphere metagenome,ILLUMINA,2023-06-30T00:00:00Z,2023-06-30T19:42:00Z,1,57_PR_myco,SRP446870
SRR25100819,AMPLICON,602,7504532,PRJNA989655,SAMN36181809,Metagenome or environmental,4707454,OREGON STATE UNIVERSITY,2020-07,public,"fastq,sra,run.zq","ncbi,gs,s3","ncbi.public,gs.us-east1,s3.us-east-1",SRX20853939,USA,North America,"USA: Corvallis\, OR",Phaseolus vulgaris,Illumina MiSeq,45_C134_myco,44.555881 N 123.214569 W,45_C134_myco_C134,PAIRED,PCR,METAGENOMIC,rhizosphere metagenome,ILLUMINA,2023-06-30T00:00:00Z,2023-06-30T19:41:00Z,1,45_C134_myco,SRP446870
SRR25100820,AMPLICON,602,13963390,PRJNA989655,SAMN36181808,Metagenome or environmental,8824497,OREGON STATE UNIVERSITY,2020-07,public,"run.zq,sra,fastq","gs,ncbi,s3","s3.us-east-1,gs.us-east1,ncbi.public",SRX20853938,USA,North America,"USA: Corvallis\, OR",Phaseolus vulgaris,Illumina MiSeq,33_B180_myco,44.555881 N 123.214569 W,33_B180_myco_B180,PAIRED,PCR,METAGENOMIC,rhizosphere metagenome,ILLUMINA,2023-06-30T00:00:00Z,2023-06-30T19:41:00Z,1,33_B180_myco,SRP446870
SRR25100821,AMPLICON,602,31596572,PRJNA989655,SAMN36181807,Metagenome or environmental,19910193,OREGON STATE UNIVERSITY,2020-07,public,"fastq,run.zq,sra","s3,gs,ncbi","gs.us-east1,ncbi.public,s3.us-east-1",SRX20853937,USA,North America,"USA: Corvallis\, OR",Phaseolus vulgaris,Illumina MiSeq,21_A46_myco,44.555881 N 123.214569 W,21_A46_myco_A46,PAIRED,PCR,METAGENOMIC,rhizosphere metagenome,ILLUMINA,2023-06-30T00:00:00Z,2023-06-30T19:41:00Z,1,21_A46_myco,SRP446870
SRR25100822,AMPLICON,602,14293888,PRJNA989655,SAMN36181806,Metagenome or environmental,9123740,OREGON STATE UNIVERSITY,2020-07,public,"sra,fastq,run.zq","ncbi,s3,gs","s3.us-east-1,ncbi.public,gs.us-east1",SRX20853936,USA,North America,"USA: Corvallis\, OR",Phaseolus vulgaris,Illumina MiSeq,9_C87_myco,44.555881 N 123.214569 W,9_C87_myco_C87,PAIRED,PCR,METAGENOMIC,rhizosphere metagenome,ILLUMINA,2023-06-30T00:00:00Z,2023-06-30T19:41:00Z,1,9_C87_myco,SRP446870
SRR25100823,AMPLICON,602,28735266,PRJNA989655,SAMN36181805,Metagenome or environmental,18521544,OREGON STATE UNIVERSITY,2020-07,public,"fastq,sra,run.zq","ncbi,gs,s3","ncbi.public,s3.us-east-1,gs.us-east1",SRX20853935,USA,North America,"USA: Corvallis\, OR",Phaseolus vulgaris,Illumina MiSeq,92_C121_myco,44.555881 N 123.214569 W,92_C121_myco_C121,PAIRED,PCR,METAGENOMIC,rhizosphere metagenome,ILLUMINA,2023-06-30T00:00:00Z,2023-06-30T19:41:00Z,1,92_C121_myco,SRP446870
SRR25100824,AMPLICON,602,35620942,PRJNA989655,SAMN36181804,Metagenome or environmental,22656414,OREGON STATE UNIVERSITY,2020-07,public,"sra,run.zq,fastq","s3,ncbi,gs","ncbi.public,s3.us-east-1,gs.us-east1",SRX20853934,USA,North America,"USA: Corvallis\, OR",Phaseolus vulgaris,Illumina MiSeq,80_C103_myco,44.555881 N 123.214569 W,80_C103_myco_C103,PAIRED,PCR,METAGENOMIC,rhizosphere metagenome,ILLUMINA,2023-06-30T00:00:00Z,2023-06-30T19:42:00Z,1,80_C103_myco,SRP446870
SRR25100825,AMPLICON,602,18267690,PRJNA989655,SAMN36181760,Metagenome or environmental,11599216,OREGON STATE UNIVERSITY,2020-07,public,"run.zq,fastq,sra","ncbi,gs,s3","ncbi.public,s3.us-east-1,gs.us-east1",SRX20853933,USA,North America,"USA: Corvallis\, OR",Phaseolus vulgaris,Illumina MiSeq,27_A116_myco,44.555881 N 123.214569 W,27_A116_myco_A116,PAIRED,PCR,METAGENOMIC,rhizosphere metagenome,ILLUMINA,2023-06-30T00:00:00Z,2023-06-30T19:41:00Z,1,27_A116_myco,SRP446870
SRR25100826,AMPLICON,602,15487654,PRJNA989655,SAMN36181759,Metagenome or environmental,9986694,OREGON STATE UNIVERSITY,2020-07,public,"sra,run.zq,fastq","gs,s3,ncbi","ncbi.public,s3.us-east-1,gs.us-east1",SRX20853932,USA,North America,"USA: Corvallis\, OR",Phaseolus vulgaris,Illumina MiSeq,15_C45_myco,44.555881 N 123.214569 W,15_C45_myco_C45,PAIRED,PCR,METAGENOMIC,rhizosphere metagenome,ILLUMINA,2023-06-30T00:00:00Z,2023-06-30T19:41:00Z,1,15_C45_myco,SRP446870
SRR25100827,AMPLICON,602,9346050,PRJNA989655,SAMN36181758,Metagenome or environmental,6136597,OREGON STATE UNIVERSITY,2020-07,public,"sra,run.zq,fastq","ncbi,gs,s3","ncbi.public,gs.us-east1,s3.us-east-1",SRX20853931,USA,North America,"USA: Corvallis\, OR",Phaseolus vulgaris,Illumina MiSeq,3_B200_myco,44.555881 N 123.214569 W,3_B200_myco_B200,PAIRED,PCR,METAGENOMIC,rhizosphere metagenome,ILLUMINA,2023-06-30T00:00:00Z,2023-06-30T19:41:00Z,1,3_B200_myco,SRP446870
SRR25100828,AMPLICON,602,29225896,PRJNA989655,SAMN36181757,Metagenome or environmental,18513621,OREGON STATE UNIVERSITY,2020-07,public,"sra,fastq,run.zq","gs,ncbi,s3","s3.us-east-1,gs.us-east1,ncbi.public",SRX20853930,USA,North America,"USA: Corvallis\, OR",Phaseolus vulgaris,Illumina MiSeq,86_A107_myco,44.555881 N 123.214569 W,86_A107_myco_A107,PAIRED,PCR,METAGENOMIC,rhizosphere metagenome,ILLUMINA,2023-06-30T00:00:00Z,2023-06-30T19:41:00Z,1,86_A107_myco,SRP446870
SRR25100829,AMPLICON,602,7898240,PRJNA989655,SAMN36181756,Metagenome or environmental,5208702,OREGON STATE UNIVERSITY,2020-07,public,"run.zq,sra,fastq","gs,ncbi,s3","s3.us-east-1,gs.us-east1,ncbi.public",SRX20853929,USA,North America,"USA: Corvallis\, OR",Phaseolus vulgaris,Illumina MiSeq,74_B53_myco,44.555881 N 123.214569 W,74_B53_myco_B53,PAIRED,PCR,METAGENOMIC,rhizosphere metagenome,ILLUMINA,2023-06-30T00:00:00Z,2023-06-30T19:41:00Z,1,74_B53_myco,SRP446870
SRR25100830,AMPLICON,602,407554,PRJNA989655,SAMN36181878,Metagenome or environmental,331292,OREGON STATE UNIVERSITY,2020-07,public,"fastq,sra,run.zq","ncbi,s3,gs","gs.us-east1,s3.us-east-1,ncbi.public",SRX20853928,USA,North America,"USA: Corvallis\, OR",Phaseolus vulgaris,Illumina MiSeq,NANOPURE_Nanopure_myco,44.555881 N 123.214569 W,NANOPURE_Nanopure_myco_Nanopure,PAIRED,PCR,METAGENOMIC,rhizosphere metagenome,ILLUMINA,2023-06-30T00:00:00Z,2023-06-30T19:40:00Z,1,NANOPURE_Nanopure_myco,SRP446870
SRR25100831,AMPLICON,602,93310,PRJNA989655,SAMN36181877,Metagenome or environmental,128204,OREGON STATE UNIVERSITY,2020-07,public,"run.zq,fastq,sra","ncbi,gs,s3","s3.us-east-1,ncbi.public,gs.us-east1",SRX20853927,USA,North America,"USA: Corvallis\, OR",Phaseolus vulgaris,Illumina MiSeq,PBUFFER_Pbuffer_myco,44.555881 N 123.214569 W,PBUFFER_Pbuffer_myco_Pbuffer,PAIRED,PCR,METAGENOMIC,rhizosphere metagenome,ILLUMINA,2023-06-30T00:00:00Z,2023-06-30T19:40:00Z,1,PBUFFER_Pbuffer_myco,SRP446870
SRR25100832,AMPLICON,602,1308146,PRJNA989655,SAMN36181876,Metagenome or environmental,902276,OREGON STATE UNIVERSITY,2020-07,public,"sra,fastq,run.zq","s3,ncbi,gs","gs.us-east1,ncbi.public,s3.us-east-1",SRX20853926,USA,North America,"USA: Corvallis\, OR",Phaseolus vulgaris,Illumina MiSeq,3BF_3BF_myco,44.555881 N 123.214569 W,3BF_3BF_myco_3BF,PAIRED,PCR,METAGENOMIC,rhizosphere metagenome,ILLUMINA,2023-06-30T00:00:00Z,2023-06-30T19:41:00Z,1,3BF_3BF_myco,SRP446870
SRR25100833,AMPLICON,602,1436372,PRJNA989655,SAMN36181875,Metagenome or environmental,1005971,OREGON STATE UNIVERSITY,2020-07,public,"run.zq,fastq,sra","gs,ncbi,s3","s3.us-east-1,gs.us-east1,ncbi.public",SRX20853925,USA,North America,"USA: Corvallis\, OR",Phaseolus vulgaris,Illumina MiSeq,2BF_2BF_myco,44.555881 N 123.214569 W,2BF_2BF_myco_2BF,PAIRED,PCR,METAGENOMIC,rhizosphere metagenome,ILLUMINA,2023-06-30T00:00:00Z,2023-06-30T19:41:00Z,1,2BF_2BF_myco,SRP446870
SRR25100834,AMPLICON,602,498456,PRJNA989655,SAMN36181874,Metagenome or environmental,384775,OREGON STATE UNIVERSITY,2020-07,public,"run.zq,fastq,sra","ncbi,gs,s3","s3.us-east-1,gs.us-east1,ncbi.public",SRX20853924,USA,North America,"USA: Corvallis\, OR",Phaseolus vulgaris,Illumina MiSeq,1BF_1BF_myco,44.555881 N 123.214569 W,1BF_1BF_myco_1BF,PAIRED,PCR,METAGENOMIC,rhizosphere metagenome,ILLUMINA,2023-06-30T00:00:00Z,2023-06-30T19:41:00Z,1,1BF_1BF_myco,SRP446870
SRR25100835,AMPLICON,602,43492694,PRJNA989655,SAMN36181873,Metagenome or environmental,27094168,OREGON STATE UNIVERSITY,2020-07,public,"fastq,run.zq,sra","ncbi,gs,s3","ncbi.public,s3.us-east-1,gs.us-east1",SRX20853923,USA,North America,"USA: Corvallis\, OR",Phaseolus vulgaris,Illumina MiSeq,132_B27_myco,44.555881 N 123.214569 W,132_B27_myco_B27,PAIRED,PCR,METAGENOMIC,rhizosphere metagenome,ILLUMINA,2023-06-30T00:00:00Z,2023-06-30T19:42:00Z,1,132_B27_myco,SRP446870
SRR25100836,AMPLICON,602,28787038,PRJNA989655,SAMN36181872,Metagenome or environmental,18376372,OREGON STATE UNIVERSITY,2020-07,public,"fastq,run.zq,sra","s3,gs,ncbi","s3.us-east-1,gs.us-east1,ncbi.public",SRX20853922,USA,North America,"USA: Corvallis\, OR",Phaseolus vulgaris,Illumina MiSeq,120_A131_myco,44.555881 N 123.214569 W,120_A131_myco_A131,PAIRED,PCR,METAGENOMIC,rhizosphere metagenome,ILLUMINA,2023-06-30T00:00:00Z,2023-06-30T19:41:00Z,1,120_A131_myco,SRP446870
SRR25100837,AMPLICON,602,22160222,PRJNA989655,SAMN36181755,Metagenome or environmental,14127748,OREGON STATE UNIVERSITY,2020-07,public,"fastq,run.zq,sra","gs,s3,ncbi","gs.us-east1,s3.us-east-1,ncbi.public",SRX20853921,USA,North America,"USA: Corvallis\, OR",Phaseolus vulgaris,Illumina MiSeq,62_A94_myco,44.555881 N 123.214569 W,62_A94_myco_A94,PAIRED,PCR,METAGENOMIC,rhizosphere metagenome,ILLUMINA,2023-06-30T00:00:00Z,2023-06-30T19:41:00Z,1,62_A94_myco,SRP446870
SRR25100838,AMPLICON,602,56805924,PRJNA989655,SAMN36181871,Metagenome or environmental,35914384,OREGON STATE UNIVERSITY,2020-07,public,"sra,run.zq,fastq","s3,gs,ncbi","s3.us-east-1,ncbi.public,gs.us-east1",SRX20853920,USA,North America,"USA: Corvallis\, OR",Phaseolus vulgaris,Illumina MiSeq,108_C76_myco,44.555881 N 123.214569 W,108_C76_myco_C76,PAIRED,PCR,METAGENOMIC,rhizosphere metagenome,ILLUMINA,2023-06-30T00:00:00Z,2023-06-30T19:42:00Z,1,108_C76_myco,SRP446870
SRR25100839,AMPLICON,602,69900026,PRJNA989655,SAMN36181870,Metagenome or environmental,43927692,OREGON STATE UNIVERSITY,2020-07,public,"run.zq,fastq,sra","s3,ncbi,gs","ncbi.public,s3.us-east-1,gs.us-east1",SRX20853919,USA,North America,"USA: Corvallis\, OR",Phaseolus vulgaris,Illumina MiSeq,131_B27_myco,44.555881 N 123.214569 W,131_B27_myco_B27,PAIRED,PCR,METAGENOMIC,rhizosphere metagenome,ILLUMINA,2023-06-30T00:00:00Z,2023-06-30T19:41:00Z,1,131_B27_myco,SRP446870
SRR25100840,AMPLICON,602,63010136,PRJNA989655,SAMN36181869,Metagenome or environmental,40457062,OREGON STATE UNIVERSITY,2020-07,public,"sra,fastq,run.zq","ncbi,s3,gs","ncbi.public,gs.us-east1,s3.us-east-1",SRX20853918,USA,North America,"USA: Corvallis\, OR",Phaseolus vulgaris,Illumina MiSeq,119_A131_myco,44.555881 N 123.214569 W,119_A131_myco_A131,PAIRED,PCR,METAGENOMIC,rhizosphere metagenome,ILLUMINA,2023-06-30T00:00:00Z,2023-06-30T19:42:00Z,1,119_A131_myco,SRP446870
SRR25100841,AMPLICON,602,13585936,PRJNA989655,SAMN36181803,Metagenome or environmental,8826124,OREGON STATE UNIVERSITY,2020-07,public,"run.zq,sra,fastq","ncbi,s3,gs","ncbi.public,s3.us-east-1,gs.us-east1",SRX20853917,USA,North America,"USA: Corvallis\, OR",Phaseolus vulgaris,Illumina MiSeq,68_A53_myco,44.555881 N 123.214569 W,68_A53_myco_A53,PAIRED,PCR,METAGENOMIC,rhizosphere metagenome,ILLUMINA,2023-06-30T00:00:00Z,2023-06-30T19:41:00Z,1,68_A53_myco,SRP446870
SRR25100842,AMPLICON,602,16830716,PRJNA989655,SAMN36181802,Metagenome or environmental,10723127,OREGON STATE UNIVERSITY,2020-07,public,"run.zq,sra,fastq","s3,ncbi,gs","gs.us-east1,s3.us-east-1,ncbi.public",SRX20853916,USA,North America,"USA: Corvallis\, OR",Phaseolus vulgaris,Illumina MiSeq,56_PR_myco,44.555881 N 123.214569 W,56_PR_myco_PR,PAIRED,PCR,METAGENOMIC,rhizosphere metagenome,ILLUMINA,2023-06-30T00:00:00Z,2023-06-30T19:41:00Z,1,56_PR_myco,SRP446870
SRR25100843,AMPLICON,602,34043100,PRJNA989655,SAMN36181748,Metagenome or environmental,21762077,OREGON STATE UNIVERSITY,2020-07,public,"run.zq,sra,fastq","s3,ncbi,gs","s3.us-east-1,gs.us-east1,ncbi.public",SRX20853915,USA,North America,"USA: Corvallis\, OR",Phaseolus vulgaris,Illumina MiSeq,73_B53_myco,44.555881 N 123.214569 W,73_B53_myco_B53,PAIRED,PCR,METAGENOMIC,rhizosphere metagenome,ILLUMINA,2023-06-30T00:00:00Z,2023-06-30T19:41:00Z,1,73_B53_myco,SRP446870
SRR25100844,AMPLICON,602,9158828,PRJNA989655,SAMN36181801,Metagenome or environmental,5852789,OREGON STATE UNIVERSITY,2020-07,public,"run.zq,sra,fastq","ncbi,gs,s3","gs.us-east1,s3.us-east-1,ncbi.public",SRX20853914,USA,North America,"USA: Corvallis\, OR",Phaseolus vulgaris,Illumina MiSeq,44_C134_myco,44.555881 N 123.214569 W,44_C134_myco_C134,PAIRED,PCR,METAGENOMIC,rhizosphere metagenome,ILLUMINA,2023-06-30T00:00:00Z,2023-06-30T19:41:00Z,1,44_C134_myco,SRP446870
SRR25100845,AMPLICON,602,22879612,PRJNA989655,SAMN36181800,Metagenome or environmental,14560178,OREGON STATE UNIVERSITY,2020-07,public,"sra,run.zq,fastq","s3,gs,ncbi","s3.us-east-1,ncbi.public,gs.us-east1",SRX20853913,USA,North America,"USA: Corvallis\, OR",Phaseolus vulgaris,Illumina MiSeq,32_B180_myco,44.555881 N 123.214569 W,32_B180_myco_B180,PAIRED,PCR,METAGENOMIC,rhizosphere metagenome,ILLUMINA,2023-06-30T00:00:00Z,2023-06-30T19:41:00Z,1,32_B180_myco,SRP446870
SRR25100846,AMPLICON,602,41203288,PRJNA989655,SAMN36181799,Metagenome or environmental,25391894,OREGON STATE UNIVERSITY,2020-07,public,"sra,run.zq,fastq","s3,ncbi,gs","ncbi.public,s3.us-east-1,gs.us-east1",SRX20853912,USA,North America,"USA: Corvallis\, OR",Phaseolus vulgaris,Illumina MiSeq,20_A46_myco,44.555881 N 123.214569 W,20_A46_myco_A46,PAIRED,PCR,METAGENOMIC,rhizosphere metagenome,ILLUMINA,2023-06-30T00:00:00Z,2023-06-30T19:41:00Z,1,20_A46_myco,SRP446870
SRR25100847,AMPLICON,602,25380320,PRJNA989655,SAMN36181798,Metagenome or environmental,16326324,OREGON STATE UNIVERSITY,2020-07,public,"run.zq,sra,fastq","s3,gs,ncbi","s3.us-east-1,ncbi.public,gs.us-east1",SRX20853911,USA,North America,"USA: Corvallis\, OR",Phaseolus vulgaris,Illumina MiSeq,8_C87_myco,44.555881 N 123.214569 W,8_C87_myco_C87,PAIRED,PCR,METAGENOMIC,rhizosphere metagenome,ILLUMINA,2023-06-30T00:00:00Z,2023-06-30T19:42:00Z,1,8_C87_myco,SRP446870
SRR25100848,AMPLICON,602,28409584,PRJNA989655,SAMN36181797,Metagenome or environmental,17595597,OREGON STATE UNIVERSITY,2020-07,public,"run.zq,fastq,sra","gs,s3,ncbi","s3.us-east-1,gs.us-east1,ncbi.public",SRX20853910,USA,North America,"USA: Corvallis\, OR",Phaseolus vulgaris,Illumina MiSeq,91_C121_myco,44.555881 N 123.214569 W,91_C121_myco_C121,PAIRED,PCR,METAGENOMIC,rhizosphere metagenome,ILLUMINA,2023-06-30T00:00:00Z,2023-06-30T19:41:00Z,1,91_C121_myco,SRP446870
SRR25100849,AMPLICON,602,38819970,PRJNA989655,SAMN36181796,Metagenome or environmental,24772989,OREGON STATE UNIVERSITY,2020-07,public,"sra,fastq,run.zq","s3,gs,ncbi","gs.us-east1,s3.us-east-1,ncbi.public",SRX20853909,USA,North America,"USA: Corvallis\, OR",Phaseolus vulgaris,Illumina MiSeq,79_C103_myco,44.555881 N 123.214569 W,79_C103_myco_C103,PAIRED,PCR,METAGENOMIC,rhizosphere metagenome,ILLUMINA,2023-06-30T00:00:00Z,2023-06-30T19:41:00Z,1,79_C103_myco,SRP446870
SRR25100850,AMPLICON,602,20029744,PRJNA989655,SAMN36181795,Metagenome or environmental,12752579,OREGON STATE UNIVERSITY,2020-07,public,"fastq,sra,run.zq","s3,gs,ncbi","s3.us-east-1,gs.us-east1,ncbi.public",SRX20853908,USA,North America,"USA: Corvallis\, OR",Phaseolus vulgaris,Illumina MiSeq,67_A53_myco,44.555881 N 123.214569 W,67_A53_myco_A53,PAIRED,PCR,METAGENOMIC,rhizosphere metagenome,ILLUMINA,2023-06-30T00:00:00Z,2023-06-30T19:41:00Z,1,67_A53_myco,SRP446870
SRR25100851,AMPLICON,602,21337890,PRJNA989655,SAMN36181794,Metagenome or environmental,13556821,OREGON STATE UNIVERSITY,2020-07,public,"run.zq,sra,fastq","ncbi,gs,s3","gs.us-east1,ncbi.public,s3.us-east-1",SRX20853907,USA,North America,"USA: Corvallis\, OR",Phaseolus vulgaris,Illumina MiSeq,55_PR_myco,44.555881 N 123.214569 W,55_PR_myco_PR,PAIRED,PCR,METAGENOMIC,rhizosphere metagenome,ILLUMINA,2023-06-30T00:00:00Z,2023-06-30T19:41:00Z,1,55_PR_myco,SRP446870
SRR25100852,AMPLICON,602,12029766,PRJNA989655,SAMN36181793,Metagenome or environmental,7460787,OREGON STATE UNIVERSITY,2020-07,public,"run.zq,fastq,sra","ncbi,gs,s3","ncbi.public,gs.us-east1,s3.us-east-1",SRX20853906,USA,North America,"USA: Corvallis\, OR",Phaseolus vulgaris,Illumina MiSeq,43_C134_myco,44.555881 N 123.214569 W,43_C134_myco_C134,PAIRED,PCR,METAGENOMIC,rhizosphere metagenome,ILLUMINA,2023-06-30T00:00:00Z,2023-06-30T19:41:00Z,1,43_C134_myco,SRP446870
SRR25100853,AMPLICON,602,22240288,PRJNA989655,SAMN36181792,Metagenome or environmental,14170683,OREGON STATE UNIVERSITY,2020-07,public,"sra,fastq,run.zq","ncbi,s3,gs","ncbi.public,gs.us-east1,s3.us-east-1",SRX20853905,USA,North America,"USA: Corvallis\, OR",Phaseolus vulgaris,Illumina MiSeq,31_B180_myco,44.555881 N 123.214569 W,31_B180_myco_B180,PAIRED,PCR,METAGENOMIC,rhizosphere metagenome,ILLUMINA,2023-06-30T00:00:00Z,2023-06-30T19:41:00Z,1,31_B180_myco,SRP446870
SRR25100854,AMPLICON,602,16744630,PRJNA989655,SAMN36181747,Metagenome or environmental,10714255,OREGON STATE UNIVERSITY,2020-07,public,"sra,run.zq,fastq","ncbi,s3,gs","s3.us-east-1,ncbi.public,gs.us-east1",SRX20853904,USA,North America,"USA: Corvallis\, OR",Phaseolus vulgaris,Illumina MiSeq,61_A94_myco,44.555881 N 123.214569 W,61_A94_myco_A94,PAIRED,PCR,METAGENOMIC,rhizosphere metagenome,ILLUMINA,2023-06-30T00:00:00Z,2023-06-30T19:42:00Z,1,61_A94_myco,SRP446870
SRR25100855,AMPLICON,602,6830894,PRJNA989655,SAMN36181791,Metagenome or environmental,4384891,OREGON STATE UNIVERSITY,2020-07,public,"sra,fastq,run.zq","gs,ncbi,s3","gs.us-east1,s3.us-east-1,ncbi.public",SRX20853903,USA,North America,"USA: Corvallis\, OR",Phaseolus vulgaris,Illumina MiSeq,19_A46_myco,44.555881 N 123.214569 W,19_A46_myco_A46,PAIRED,PCR,METAGENOMIC,rhizosphere metagenome,ILLUMINA,2023-06-30T00:00:00Z,2023-06-30T19:41:00Z,1,19_A46_myco,SRP446870
SRR25100856,AMPLICON,602,13870682,PRJNA989655,SAMN36181790,Metagenome or environmental,8972959,OREGON STATE UNIVERSITY,2020-07,public,"fastq,sra,run.zq","s3,gs,ncbi","gs.us-east1,ncbi.public,s3.us-east-1",SRX20853902,USA,North America,"USA: Corvallis\, OR",Phaseolus vulgaris,Illumina MiSeq,7_C87_myco,44.555881 N 123.214569 W,7_C87_myco_C87,PAIRED,PCR,METAGENOMIC,rhizosphere metagenome,ILLUMINA,2023-06-30T00:00:00Z,2023-06-30T19:42:00Z,1,7_C87_myco,SRP446870
SRR25100857,AMPLICON,602,27759424,PRJNA989655,SAMN36181868,Metagenome or environmental,17391624,OREGON STATE UNIVERSITY,2020-07,public,"sra,fastq,run.zq","ncbi,gs,s3","s3.us-east-1,ncbi.public,gs.us-east1",SRX20853901,USA,North America,"USA: Corvallis\, OR",Phaseolus vulgaris,Illumina MiSeq,107_C76_myco,44.555881 N 123.214569 W,107_C76_myco_C76,PAIRED,PCR,METAGENOMIC,rhizosphere metagenome,ILLUMINA,2023-06-30T00:00:00Z,2023-06-30T19:41:00Z,1,107_C76_myco,SRP446870
SRR25100858,AMPLICON,602,37593094,PRJNA989655,SAMN36181867,Metagenome or environmental,23821175,OREGON STATE UNIVERSITY,2020-07,public,"sra,fastq,run.zq","gs,ncbi,s3","ncbi.public,gs.us-east1,s3.us-east-1",SRX20853900,USA,North America,"USA: Corvallis\, OR",Phaseolus vulgaris,Illumina MiSeq,130_B27_myco,44.555881 N 123.214569 W,130_B27_myco_B27,PAIRED,PCR,METAGENOMIC,rhizosphere metagenome,ILLUMINA,2023-06-30T00:00:00Z,2023-06-30T19:41:00Z,1,130_B27_myco,SRP446870
SRR25100859,AMPLICON,602,71384558,PRJNA989655,SAMN36181866,Metagenome or environmental,44959897,OREGON STATE UNIVERSITY,2020-07,public,"fastq,sra,run.zq","gs,ncbi,s3","gs.us-east1,ncbi.public,s3.us-east-1",SRX20853899,USA,North America,"USA: Corvallis\, OR",Phaseolus vulgaris,Illumina MiSeq,118_A131_myco,44.555881 N 123.214569 W,118_A131_myco_A131,PAIRED,PCR,METAGENOMIC,rhizosphere metagenome,ILLUMINA,2023-06-30T00:00:00Z,2023-06-30T19:41:00Z,1,118_A131_myco,SRP446870
SRR25100860,AMPLICON,602,72195452,PRJNA989655,SAMN36181865,Metagenome or environmental,45847580,OREGON STATE UNIVERSITY,2020-07,public,"run.zq,fastq,sra","gs,s3,ncbi","gs.us-east1,ncbi.public,s3.us-east-1",SRX20853898,USA,North America,"USA: Corvallis\, OR",Phaseolus vulgaris,Illumina MiSeq,106_C76_myco,44.555881 N 123.214569 W,106_C76_myco_C76,PAIRED,PCR,METAGENOMIC,rhizosphere metagenome,ILLUMINA,2023-06-30T00:00:00Z,2023-06-30T19:42:00Z,1,106_C76_myco,SRP446870
SRR25100861,AMPLICON,602,72754710,PRJNA989655,SAMN36181864,Metagenome or environmental,45575910,OREGON STATE UNIVERSITY,2020-07,public,"run.zq,sra,fastq","gs,s3,ncbi","gs.us-east1,ncbi.public,s3.us-east-1",SRX20853897,USA,North America,"USA: Corvallis\, OR",Phaseolus vulgaris,Illumina MiSeq,129_B39_myco,44.555881 N 123.214569 W,129_B39_myco_B39,PAIRED,PCR,METAGENOMIC,rhizosphere metagenome,ILLUMINA,2023-06-30T00:00:00Z,2023-06-30T19:41:00Z,1,129_B39_myco,SRP446870
SRR25100862,AMPLICON,602,21203644,PRJNA989655,SAMN36181863,Metagenome or environmental,13736097,OREGON STATE UNIVERSITY,2020-07,public,"fastq,run.zq,sra","gs,s3,ncbi","s3.us-east-1,gs.us-east1,ncbi.public",SRX20853896,USA,North America,"USA: Corvallis\, OR",Phaseolus vulgaris,Illumina MiSeq,117_B91_myco,44.555881 N 123.214569 W,117_B91_myco_B91,PAIRED,PCR,METAGENOMIC,rhizosphere metagenome,ILLUMINA,2023-06-30T00:00:00Z,2023-06-30T19:41:00Z,1,117_B91_myco,SRP446870
SRR25100863,AMPLICON,602,62494222,PRJNA989655,SAMN36181862,Metagenome or environmental,39220305,OREGON STATE UNIVERSITY,2020-07,public,"run.zq,fastq,sra","gs,s3,ncbi","s3.us-east-1,gs.us-east1,ncbi.public",SRX20853895,USA,North America,"USA: Corvallis\, OR",Phaseolus vulgaris,Illumina MiSeq,105_C92_myco,44.555881 N 123.214569 W,105_C92_myco_C92,PAIRED,PCR,METAGENOMIC,rhizosphere metagenome,ILLUMINA,2023-06-30T00:00:00Z,2023-06-30T19:42:00Z,1,105_C92_myco,SRP446870
SRR25100864,AMPLICON,602,20900838,PRJNA989655,SAMN36181754,Metagenome or environmental,13510782,OREGON STATE UNIVERSITY,2020-07,public,"fastq,sra,run.zq","gs,s3,ncbi","gs.us-east1,ncbi.public,s3.us-east-1",SRX20853894,USA,North America,"USA: Corvallis\, OR",Phaseolus vulgaris,Illumina MiSeq,50_A67_myco,44.555881 N 123.214569 W,50_A67_myco_A67,PAIRED,PCR,METAGENOMIC,rhizosphere metagenome,ILLUMINA,2023-06-30T00:00:00Z,2023-06-30T19:41:00Z,1,50_A67_myco,SRP446870
SRR25100865,AMPLICON,602,68208406,PRJNA989655,SAMN36181861,Metagenome or environmental,41766517,OREGON STATE UNIVERSITY,2020-07,public,"sra,fastq,run.zq","s3,ncbi,gs","gs.us-east1,s3.us-east-1,ncbi.public",SRX20853893,USA,North America,"USA: Corvallis\, OR",Phaseolus vulgaris,Illumina MiSeq,128_B39_myco,44.555881 N 123.214569 W,128_B39_myco_B39,PAIRED,PCR,METAGENOMIC,rhizosphere metagenome,ILLUMINA,2023-06-30T00:00:00Z,2023-06-30T19:42:00Z,1,128_B39_myco,SRP446870
SRR25100866,AMPLICON,602,29510642,PRJNA989655,SAMN36181860,Metagenome or environmental,19116802,OREGON STATE UNIVERSITY,2020-07,public,"fastq,run.zq,sra","s3,ncbi,gs","ncbi.public,gs.us-east1,s3.us-east-1",SRX20853892,USA,North America,"USA: Corvallis\, OR",Phaseolus vulgaris,Illumina MiSeq,116_B91_myco,44.555881 N 123.214569 W,116_B91_myco_B91,PAIRED,PCR,METAGENOMIC,rhizosphere metagenome,ILLUMINA,2023-06-30T00:00:00Z,2023-06-30T19:42:00Z,1,116_B91_myco,SRP446870
SRR25100867,AMPLICON,602,35574588,PRJNA989655,SAMN36181859,Metagenome or environmental,22410792,OREGON STATE UNIVERSITY,2020-07,public,"run.zq,fastq,sra","s3,ncbi,gs","gs.us-east1,ncbi.public,s3.us-east-1",SRX20853891,USA,North America,"USA: Corvallis\, OR",Phaseolus vulgaris,Illumina MiSeq,104_C92_myco,44.555881 N 123.214569 W,104_C92_myco_C92,PAIRED,PCR,METAGENOMIC,rhizosphere metagenome,ILLUMINA,2023-06-30T00:00:00Z,2023-06-30T19:42:00Z,1,104_C92_myco,SRP446870
SRR25100868,AMPLICON,602,59325294,PRJNA989655,SAMN36181858,Metagenome or environmental,35599354,OREGON STATE UNIVERSITY,2020-07,public,"sra,fastq,run.zq","gs,s3,ncbi","s3.us-east-1,gs.us-east1,ncbi.public",SRX20853890,USA,North America,"USA: Corvallis\, OR",Phaseolus vulgaris,Illumina MiSeq,127_B39_myco,44.555881 N 123.214569 W,127_B39_myco_B39,PAIRED,PCR,METAGENOMIC,rhizosphere metagenome,ILLUMINA,2023-06-30T00:00:00Z,2023-06-30T19:42:00Z,1,127_B39_myco,SRP446870
SRR25100869,AMPLICON,602,28932722,PRJNA989655,SAMN36181857,Metagenome or environmental,18810573,OREGON STATE UNIVERSITY,2020-07,public,"run.zq,fastq,sra","ncbi,gs,s3","ncbi.public,s3.us-east-1,gs.us-east1",SRX20853889,USA,North America,"USA: Corvallis\, OR",Phaseolus vulgaris,Illumina MiSeq,115_B91_myco,44.555881 N 123.214569 W,115_B91_myco_B91,PAIRED,PCR,METAGENOMIC,rhizosphere metagenome,ILLUMINA,2023-06-30T00:00:00Z,2023-06-30T19:41:00Z,1,115_B91_myco,SRP446870
SRR25100870,AMPLICON,602,24858386,PRJNA989655,SAMN36181856,Metagenome or environmental,15988162,OREGON STATE UNIVERSITY,2020-07,public,"sra,run.zq,fastq","s3,ncbi,gs","ncbi.public,gs.us-east1,s3.us-east-1",SRX20853888,USA,North America,"USA: Corvallis\, OR",Phaseolus vulgaris,Illumina MiSeq,103_C92_myco,44.555881 N 123.214569 W,103_C92_myco_C92,PAIRED,PCR,METAGENOMIC,rhizosphere metagenome,ILLUMINA,2023-06-30T00:00:00Z,2023-06-30T19:42:00Z,1,103_C92_myco,SRP446870
SRR25100871,AMPLICON,602,47606160,PRJNA989655,SAMN36181855,Metagenome or environmental,29912981,OREGON STATE UNIVERSITY,2020-07,public,"fastq,run.zq,sra","s3,ncbi,gs","gs.us-east1,ncbi.public,s3.us-east-1",SRX20853887,USA,North America,"USA: Corvallis\, OR",Phaseolus vulgaris,Illumina MiSeq,126_D119_myco,44.555881 N 123.214569 W,126_D119_myco_D119,PAIRED,PCR,METAGENOMIC,rhizosphere metagenome,ILLUMINA,2023-06-30T00:00:00Z,2023-06-30T19:41:00Z,1,126_D119_myco,SRP446870
SRR25100872,AMPLICON,602,44017638,PRJNA989655,SAMN36181854,Metagenome or environmental,27595704,OREGON STATE UNIVERSITY,2020-07,public,"sra,fastq,run.zq","s3,ncbi,gs","gs.us-east1,s3.us-east-1,ncbi.public",SRX20853886,USA,North America,"USA: Corvallis\, OR",Phaseolus vulgaris,Illumina MiSeq,114_D82_myco,44.555881 N 123.214569 W,114_D82_myco_D82,PAIRED,PCR,METAGENOMIC,rhizosphere metagenome,ILLUMINA,2023-06-30T00:00:00Z,2023-06-30T19:42:00Z,1,114_D82_myco,SRP446870
SRR25100873,AMPLICON,602,37827874,PRJNA989655,SAMN36181853,Metagenome or environmental,24220803,OREGON STATE UNIVERSITY,2020-07,public,"fastq,sra,run.zq","s3,gs,ncbi","ncbi.public,s3.us-east-1,gs.us-east1",SRX20853885,USA,North America,"USA: Corvallis\, OR",Phaseolus vulgaris,Illumina MiSeq,102_OR5630_myco,44.555881 N 123.214569 W,102_OR5630_myco_OR5630,PAIRED,PCR,METAGENOMIC,rhizosphere metagenome,ILLUMINA,2023-06-30T00:00:00Z,2023-06-30T19:41:00Z,1,102_OR5630_myco,SRP446870
SRR25100874,AMPLICON,602,67727408,PRJNA989655,SAMN36181852,Metagenome or environmental,42735338,OREGON STATE UNIVERSITY,2020-07,public,"fastq,sra,run.zq","gs,s3,ncbi","gs.us-east1,s3.us-east-1,ncbi.public",SRX20853884,USA,North America,"USA: Corvallis\, OR",Phaseolus vulgaris,Illumina MiSeq,125_D119_myco,44.555881 N 123.214569 W,125_D119_myco_D119,PAIRED,PCR,METAGENOMIC,rhizosphere metagenome,ILLUMINA,2023-06-30T00:00:00Z,2023-06-30T19:42:00Z,1,125_D119_myco,SRP446870
SRR25100875,AMPLICON,602,12041204,PRJNA989655,SAMN36181753,Metagenome or environmental,7635483,OREGON STATE UNIVERSITY,2020-07,public,"run.zq,fastq,sra","gs,ncbi,s3","ncbi.public,s3.us-east-1,gs.us-east1",SRX20853883,USA,North America,"USA: Corvallis\, OR",Phaseolus vulgaris,Illumina MiSeq,38_D34_myco,44.555881 N 123.214569 W,38_D34_myco_D34,PAIRED,PCR,METAGENOMIC,rhizosphere metagenome,ILLUMINA,2023-06-30T00:00:00Z,2023-06-30T19:41:00Z,1,38_D34_myco,SRP446870
SRR25100876,AMPLICON,602,40263566,PRJNA989655,SAMN36181851,Metagenome or environmental,25719699,OREGON STATE UNIVERSITY,2020-07,public,"run.zq,fastq,sra","ncbi,gs,s3","gs.us-east1,ncbi.public,s3.us-east-1",SRX20853882,USA,North America,"USA: Corvallis\, OR",Phaseolus vulgaris,Illumina MiSeq,113_D82_myco,44.555881 N 123.214569 W,113_D82_myco_D82,PAIRED,PCR,METAGENOMIC,rhizosphere metagenome,ILLUMINA,2023-06-30T00:00:00Z,2023-06-30T19:41:00Z,1,113_D82_myco,SRP446870
SRR25100877,AMPLICON,602,53379340,PRJNA989655,SAMN36181850,Metagenome or environmental,34037248,OREGON STATE UNIVERSITY,2020-07,public,"fastq,run.zq,sra","s3,ncbi,gs","ncbi.public,gs.us-east1,s3.us-east-1",SRX20853881,USA,North America,"USA: Corvallis\, OR",Phaseolus vulgaris,Illumina MiSeq,101_OR5630_myco,44.555881 N 123.214569 W,101_OR5630_myco_OR5630,PAIRED,PCR,METAGENOMIC,rhizosphere metagenome,ILLUMINA,2023-06-30T00:00:00Z,2023-06-30T19:42:00Z,1,101_OR5630_myco,SRP446870
SRR25100878,AMPLICON,602,68354692,PRJNA989655,SAMN36181849,Metagenome or environmental,42828435,OREGON STATE UNIVERSITY,2020-07,public,"run.zq,fastq,sra","s3,gs,ncbi","ncbi.public,gs.us-east1,s3.us-east-1",SRX20853880,USA,North America,"USA: Corvallis\, OR",Phaseolus vulgaris,Illumina MiSeq,124_D119_myco,44.555881 N 123.214569 W,124_D119_myco_D119,PAIRED,PCR,METAGENOMIC,rhizosphere metagenome,ILLUMINA,2023-06-30T00:00:00Z,2023-06-30T19:42:00Z,1,124_D119_myco,SRP446870
SRR25100879,AMPLICON,602,32064928,PRJNA989655,SAMN36181848,Metagenome or environmental,20890939,OREGON STATE UNIVERSITY,2020-07,public,"fastq,run.zq,sra","ncbi,gs,s3","ncbi.public,s3.us-east-1,gs.us-east1",SRX20853879,USA,North America,"USA: Corvallis\, OR",Phaseolus vulgaris,Illumina MiSeq,112_D82_myco,44.555881 N 123.214569 W,112_D82_myco_D82,PAIRED,PCR,METAGENOMIC,rhizosphere metagenome,ILLUMINA,2023-06-30T00:00:00Z,2023-06-30T19:42:00Z,1,112_D82_myco,SRP446870
SRR25100880,AMPLICON,602,28907438,PRJNA989655,SAMN36181847,Metagenome or environmental,18313036,OREGON STATE UNIVERSITY,2020-07,public,"sra,run.zq,fastq","gs,ncbi,s3","ncbi.public,gs.us-east1,s3.us-east-1",SRX20853878,USA,North America,"USA: Corvallis\, OR",Phaseolus vulgaris,Illumina MiSeq,100_OR5630_myco,44.555881 N 123.214569 W,100_OR5630_myco_OR5630,PAIRED,PCR,METAGENOMIC,rhizosphere metagenome,ILLUMINA,2023-06-30T00:00:00Z,2023-06-30T19:41:00Z,1,100_OR5630_myco,SRP446870
SRR25100881,AMPLICON,602,14921172,PRJNA989655,SAMN36181846,Metagenome or environmental,9568410,OREGON STATE UNIVERSITY,2020-07,public,"fastq,sra,run.zq","gs,s3,ncbi","gs.us-east1,s3.us-east-1,ncbi.public",SRX20853877,USA,North America,"USA: Corvallis\, OR",Phaseolus vulgaris,Illumina MiSeq,123_D89_myco,44.555881 N 123.214569 W,123_D89_myco_D89,PAIRED,PCR,METAGENOMIC,rhizosphere metagenome,ILLUMINA,2023-06-30T00:00:00Z,2023-06-30T19:41:00Z,1,123_D89_myco,SRP446870
SRR25100882,AMPLICON,602,39964372,PRJNA989655,SAMN36181845,Metagenome or environmental,25809002,OREGON STATE UNIVERSITY,2020-07,public,"run.zq,fastq,sra","gs,ncbi,s3","gs.us-east1,ncbi.public,s3.us-east-1",SRX20853876,USA,North America,"USA: Corvallis\, OR",Phaseolus vulgaris,Illumina MiSeq,111_D6_myco,44.555881 N 123.214569 W,111_D6_myco_D6,PAIRED,PCR,METAGENOMIC,rhizosphere metagenome,ILLUMINA,2023-06-30T00:00:00Z,2023-06-30T19:41:00Z,1,111_D6_myco,SRP446870
SRR25100883,AMPLICON,602,66553508,PRJNA989655,SAMN36181844,Metagenome or environmental,40477335,OREGON STATE UNIVERSITY,2020-07,public,"fastq,run.zq,sra","s3,gs,ncbi","gs.us-east1,s3.us-east-1,ncbi.public",SRX20853875,USA,North America,"USA: Corvallis\, OR",Phaseolus vulgaris,Illumina MiSeq,99_D178_myco,44.555881 N 123.214569 W,99_D178_myco_D178,PAIRED,PCR,METAGENOMIC,rhizosphere metagenome,ILLUMINA,2023-06-30T00:00:00Z,2023-06-30T19:42:00Z,1,99_D178_myco,SRP446870
SRR25100884,AMPLICON,602,31084872,PRJNA989655,SAMN36181843,Metagenome or environmental,19818577,OREGON STATE UNIVERSITY,2020-07,public,"run.zq,fastq,sra","ncbi,s3,gs","s3.us-east-1,gs.us-east1,ncbi.public",SRX20853874,USA,North America,"USA: Corvallis\, OR",Phaseolus vulgaris,Illumina MiSeq,122_D89_myco,44.555881 N 123.214569 W,122_D89_myco_D89,PAIRED,PCR,METAGENOMIC,rhizosphere metagenome,ILLUMINA,2023-06-30T00:00:00Z,2023-06-30T19:41:00Z,1,122_D89_myco,SRP446870
SRR25100885,AMPLICON,602,24548958,PRJNA989655,SAMN36181842,Metagenome or environmental,15895065,OREGON STATE UNIVERSITY,2020-07,public,"sra,run.zq,fastq","ncbi,s3,gs","s3.us-east-1,gs.us-east1,ncbi.public",SRX20853873,USA,North America,"USA: Corvallis\, OR",Phaseolus vulgaris,Illumina MiSeq,110_D6_myco,44.555881 N 123.214569 W,110_D6_myco_D6,PAIRED,PCR,METAGENOMIC,rhizosphere metagenome,ILLUMINA,2023-06-30T00:00:00Z,2023-06-30T19:42:00Z,1,110_D6_myco,SRP446870
SRR25100886,AMPLICON,602,19573428,PRJNA989655,SAMN36181752,Metagenome or environmental,12374474,OREGON STATE UNIVERSITY,2020-07,public,"sra,fastq,run.zq","ncbi,s3,gs","gs.us-east1,ncbi.public,s3.us-east-1",SRX20853872,USA,North America,"USA: Corvallis\, OR",Phaseolus vulgaris,Illumina MiSeq,26_A116_myco,44.555881 N 123.214569 W,26_A116_myco_A116,PAIRED,PCR,METAGENOMIC,rhizosphere metagenome,ILLUMINA,2023-06-30T00:00:00Z,2023-06-30T19:41:00Z,1,26_A116_myco,SRP446870
SRR25100887,AMPLICON,602,25980514,PRJNA989655,SAMN36181743,Metagenome or environmental,16404874,OREGON STATE UNIVERSITY,2020-07,public,"fastq,run.zq,sra","ncbi,s3,gs","s3.us-east-1,gs.us-east1,ncbi.public",SRX20853871,USA,North America,"USA: Corvallis\, OR",Phaseolus vulgaris,Illumina MiSeq,13_C45_myco,44.555881 N 123.214569 W,13_C45_myco_C45,PAIRED,PCR,METAGENOMIC,rhizosphere metagenome,ILLUMINA,2023-06-30T00:00:00Z,2023-06-30T19:42:00Z,1,13_C45_myco,SRP446870
SRR25100888,AMPLICON,602,28026110,PRJNA989655,SAMN36181742,Metagenome or environmental,17560333,OREGON STATE UNIVERSITY,2020-07,public,"fastq,run.zq,sra","s3,gs,ncbi","gs.us-east1,ncbi.public,s3.us-east-1",SRX20853870,USA,North America,"USA: Corvallis\, OR",Phaseolus vulgaris,Illumina MiSeq,1_B200_myco,44.555881 N 123.214569 W,1_B200_myco_B200,PAIRED,PCR,METAGENOMIC,rhizosphere metagenome,ILLUMINA,2023-06-30T00:00:00Z,2023-06-30T19:41:00Z,1,1_B200_myco,SRP446870
SRR25100889,AMPLICON,602,28959812,PRJNA989655,SAMN36181832,Metagenome or environmental,18628891,OREGON STATE UNIVERSITY,2020-07,public,"run.zq,fastq,sra","s3,gs,ncbi","s3.us-east-1,gs.us-east1,ncbi.public",SRX20853869,USA,North America,"USA: Corvallis\, OR",Phaseolus vulgaris,Illumina MiSeq,36_BV_myco,44.555881 N 123.214569 W,36_BV_myco_BV,PAIRED,PCR,METAGENOMIC,rhizosphere metagenome,ILLUMINA,2023-06-30T00:00:00Z,2023-06-30T19:41:00Z,1,36_BV_myco,SRP446870
SRR25100890,AMPLICON,602,14898296,PRJNA989655,SAMN36181751,Metagenome or environmental,9370650,OREGON STATE UNIVERSITY,2020-07,public,"fastq,run.zq,sra","ncbi,gs,s3","s3.us-east-1,gs.us-east1,ncbi.public",SRX20853868,USA,North America,"USA: Corvallis\, OR",Phaseolus vulgaris,Illumina MiSeq,14_C45_myco,44.555881 N 123.214569 W,14_C45_myco_C45,PAIRED,PCR,METAGENOMIC,rhizosphere metagenome,ILLUMINA,2023-06-30T00:00:00Z,2023-06-30T19:41:00Z,1,14_C45_myco,SRP446870
SRR25100891,AMPLICON,602,15107190,PRJNA989655,SAMN36181831,Metagenome or environmental,9728699,OREGON STATE UNIVERSITY,2020-07,public,"run.zq,sra,fastq","s3,gs,ncbi","s3.us-east-1,gs.us-east1,ncbi.public",SRX20853867,USA,North America,"USA: Corvallis\, OR",Phaseolus vulgaris,Illumina MiSeq,24_B21_myco,44.555881 N 123.214569 W,24_B21_myco_B21,PAIRED,PCR,METAGENOMIC,rhizosphere metagenome,ILLUMINA,2023-06-30T00:00:00Z,2023-06-30T19:42:00Z,1,24_B21_myco,SRP446870
SRR25100892,AMPLICON,602,13117580,PRJNA989655,SAMN36181830,Metagenome or environmental,8170542,OREGON STATE UNIVERSITY,2020-07,public,"run.zq,sra,fastq","gs,s3,ncbi","gs.us-east1,ncbi.public,s3.us-east-1",SRX20853866,USA,North America,"USA: Corvallis\, OR",Phaseolus vulgaris,Illumina MiSeq,12_A78_myco,44.555881 N 123.214569 W,12_A78_myco_A78,PAIRED,PCR,METAGENOMIC,rhizosphere metagenome,ILLUMINA,2023-06-30T00:00:00Z,2023-06-30T19:41:00Z,1,12_A78_myco,SRP446870
SRR25100893,AMPLICON,602,18113578,PRJNA989655,SAMN36181829,Metagenome or environmental,11838080,OREGON STATE UNIVERSITY,2020-07,public,"run.zq,fastq,sra","gs,s3,ncbi","gs.us-east1,s3.us-east-1,ncbi.public",SRX20853865,USA,North America,"USA: Corvallis\, OR",Phaseolus vulgaris,Illumina MiSeq,95_A6_myco,44.555881 N 123.214569 W,95_A6_myco_A6,PAIRED,PCR,METAGENOMIC,rhizosphere metagenome,ILLUMINA,2023-06-30T00:00:00Z,2023-06-30T19:41:00Z,1,95_A6_myco,SRP446870
SRR25100894,AMPLICON,602,23956590,PRJNA989655,SAMN36181828,Metagenome or environmental,15318040,OREGON STATE UNIVERSITY,2020-07,public,"fastq,sra,run.zq","ncbi,s3,gs","ncbi.public,gs.us-east1,s3.us-east-1",SRX20853864,USA,North America,"USA: Corvallis\, OR",Phaseolus vulgaris,Illumina MiSeq,83_C106_myco,44.555881 N 123.214569 W,83_C106_myco_C106,PAIRED,PCR,METAGENOMIC,rhizosphere metagenome,ILLUMINA,2023-06-30T00:00:00Z,2023-06-30T19:41:00Z,1,83_C106_myco,SRP446870
SRR25100895,AMPLICON,602,32562180,PRJNA989655,SAMN36181827,Metagenome or environmental,21561513,OREGON STATE UNIVERSITY,2020-07,public,"sra,run.zq,fastq","s3,gs,ncbi","s3.us-east-1,gs.us-east1,ncbi.public",SRX20853863,USA,North America,"USA: Corvallis\, OR",Phaseolus vulgaris,Illumina MiSeq,71_B22_myco,44.555881 N 123.214569 W,71_B22_myco_B22,PAIRED,PCR,METAGENOMIC,rhizosphere metagenome,ILLUMINA,2023-06-30T00:00:00Z,2023-06-30T19:41:00Z,1,71_B22_myco,SRP446870
SRR25100896,AMPLICON,602,16583294,PRJNA989655,SAMN36181826,Metagenome or environmental,10853842,OREGON STATE UNIVERSITY,2020-07,public,"run.zq,fastq,sra","s3,gs,ncbi","gs.us-east1,s3.us-east-1,ncbi.public",SRX20853862,USA,North America,"USA: Corvallis\, OR",Phaseolus vulgaris,Illumina MiSeq,59_D149_myco,44.555881 N 123.214569 W,59_D149_myco_D149,PAIRED,PCR,METAGENOMIC,rhizosphere metagenome,ILLUMINA,2023-06-30T00:00:00Z,2023-06-30T19:41:00Z,1,59_D149_myco,SRP446870
SRR25100897,AMPLICON,602,21478156,PRJNA989655,SAMN36181825,Metagenome or environmental,13844595,OREGON STATE UNIVERSITY,2020-07,public,"sra,fastq,run.zq","ncbi,s3,gs","s3.us-east-1,gs.us-east1,ncbi.public",SRX20853861,USA,North America,"USA: Corvallis\, OR",Phaseolus vulgaris,Illumina MiSeq,47_D17_myco,44.555881 N 123.214569 W,47_D17_myco_D17,PAIRED,PCR,METAGENOMIC,rhizosphere metagenome,ILLUMINA,2023-06-30T00:00:00Z,2023-06-30T19:41:00Z,1,47_D17_myco,SRP446870
SRR25100898,AMPLICON,602,32833080,PRJNA989655,SAMN36181824,Metagenome or environmental,20841224,OREGON STATE UNIVERSITY,2020-07,public,"sra,run.zq,fastq","s3,gs,ncbi","gs.us-east1,ncbi.public,s3.us-east-1",SRX20853860,USA,North America,"USA: Corvallis\, OR",Phaseolus vulgaris,Illumina MiSeq,35_BV_myco,44.555881 N 123.214569 W,35_BV_myco_BV,PAIRED,PCR,METAGENOMIC,rhizosphere metagenome,ILLUMINA,2023-06-30T00:00:00Z,2023-06-30T19:41:00Z,1,35_BV_myco,SRP446870
SRR25100899,AMPLICON,602,28917070,PRJNA989655,SAMN36181823,Metagenome or environmental,18116479,OREGON STATE UNIVERSITY,2020-07,public,"sra,fastq,run.zq","s3,ncbi,gs","ncbi.public,gs.us-east1,s3.us-east-1",SRX20853859,USA,North America,"USA: Corvallis\, OR",Phaseolus vulgaris,Illumina MiSeq,23_B21_myco,44.555881 N 123.214569 W,23_B21_myco_B21,PAIRED,PCR,METAGENOMIC,rhizosphere metagenome,ILLUMINA,2023-06-30T00:00:00Z,2023-06-30T19:41:00Z,1,23_B21_myco,SRP446870
SRR25100900,AMPLICON,602,20956824,PRJNA989655,SAMN36181822,Metagenome or environmental,13455916,OREGON STATE UNIVERSITY,2020-07,public,"run.zq,fastq,sra","ncbi,s3,gs","gs.us-east1,s3.us-east-1,ncbi.public",SRX20853858,USA,North America,"USA: Corvallis\, OR",Phaseolus vulgaris,Illumina MiSeq,11_A78_myco,44.555881 N 123.214569 W,11_A78_myco_A78,PAIRED,PCR,METAGENOMIC,rhizosphere metagenome,ILLUMINA,2023-06-30T00:00:00Z,2023-06-30T19:41:00Z,1,11_A78_myco,SRP446870
SRR25100901,AMPLICON,602,18703538,PRJNA989655,SAMN36181750,Metagenome or environmental,11919275,OREGON STATE UNIVERSITY,2020-07,public,"run.zq,fastq,sra","ncbi,gs,s3","ncbi.public,s3.us-east-1,gs.us-east1",SRX20853857,USA,North America,"USA: Corvallis\, OR",Phaseolus vulgaris,Illumina MiSeq,2_B200_myco,44.555881 N 123.214569 W,2_B200_myco_B200,PAIRED,PCR,METAGENOMIC,rhizosphere metagenome,ILLUMINA,2023-06-30T00:00:00Z,2023-06-30T19:41:00Z,1,2_B200_myco,SRP446870
SRR25100902,AMPLICON,602,38689336,PRJNA989655,SAMN36181821,Metagenome or environmental,24524438,OREGON STATE UNIVERSITY,2020-07,public,"sra,run.zq,fastq","ncbi,gs,s3","ncbi.public,gs.us-east1,s3.us-east-1",SRX20853856,USA,North America,"USA: Corvallis\, OR",Phaseolus vulgaris,Illumina MiSeq,94_A6_myco,44.555881 N 123.214569 W,94_A6_myco_A6,PAIRED,PCR,METAGENOMIC,rhizosphere metagenome,ILLUMINA,2023-06-30T00:00:00Z,2023-06-30T19:41:00Z,1,94_A6_myco,SRP446870
SRR25100903,AMPLICON,602,32067938,PRJNA989655,SAMN36181820,Metagenome or environmental,19905498,OREGON STATE UNIVERSITY,2020-07,public,"sra,fastq,run.zq","ncbi,gs,s3","ncbi.public,s3.us-east-1,gs.us-east1",SRX20853855,USA,North America,"USA: Corvallis\, OR",Phaseolus vulgaris,Illumina MiSeq,82_C106_myco,44.555881 N 123.214569 W,82_C106_myco_C106,PAIRED,PCR,METAGENOMIC,rhizosphere metagenome,ILLUMINA,2023-06-30T00:00:00Z,2023-06-30T19:41:00Z,1,82_C106_myco,SRP446870
SRR25100904,AMPLICON,602,15253476,PRJNA989655,SAMN36181819,Metagenome or environmental,9930247,OREGON STATE UNIVERSITY,2020-07,public,"sra,fastq,run.zq","gs,s3,ncbi","ncbi.public,s3.us-east-1,gs.us-east1",SRX20853854,USA,North America,"USA: Corvallis\, OR",Phaseolus vulgaris,Illumina MiSeq,70_B22_myco,44.555881 N 123.214569 W,70_B22_myco_B22,PAIRED,PCR,METAGENOMIC,rhizosphere metagenome,ILLUMINA,2023-06-30T00:00:00Z,2023-06-30T19:41:00Z,1,70_B22_myco,SRP446870
SRR25100905,AMPLICON,602,41993714,PRJNA989655,SAMN36181774,Metagenome or environmental,25960526,OREGON STATE UNIVERSITY,2020-07,public,"fastq,run.zq,sra","s3,ncbi,gs","gs.us-east1,ncbi.public,s3.us-east-1",SRX20853853,USA,North America,"USA: Corvallis\, OR",Phaseolus vulgaris,Illumina MiSeq,5_Hystyle_myco,44.555881 N 123.214569 W,5_Hystyle_myco_Hystyle,PAIRED,PCR,METAGENOMIC,rhizosphere metagenome,ILLUMINA,2023-06-30T00:00:00Z,2023-06-30T19:42:00Z,1,5_Hystyle_myco,SRP446870
SRR25100906,AMPLICON,602,21166320,PRJNA989655,SAMN36181773,Metagenome or environmental,13592277,OREGON STATE UNIVERSITY,2020-07,public,"fastq,run.zq,sra","s3,ncbi,gs","gs.us-east1,ncbi.public,s3.us-east-1",SRX20853852,USA,North America,"USA: Corvallis\, OR",Phaseolus vulgaris,Illumina MiSeq,88_D160_myco,44.555881 N 123.214569 W,88_D160_myco_D160,PAIRED,PCR,METAGENOMIC,rhizosphere metagenome,ILLUMINA,2023-06-30T00:00:00Z,2023-06-30T19:41:00Z,1,88_D160_myco,SRP446870
SRR25100907,AMPLICON,602,20794284,PRJNA989655,SAMN36181772,Metagenome or environmental,13436513,OREGON STATE UNIVERSITY,2020-07,public,"fastq,sra,run.zq","s3,ncbi,gs","gs.us-east1,s3.us-east-1,ncbi.public",SRX20853851,USA,North America,"USA: Corvallis\, OR",Phaseolus vulgaris,Illumina MiSeq,76_A13_myco,44.555881 N 123.214569 W,76_A13_myco_A13,PAIRED,PCR,METAGENOMIC,rhizosphere metagenome,ILLUMINA,2023-06-30T00:00:00Z,2023-06-30T19:43:00Z,1,76_A13_myco,SRP446870
SRR25100908,AMPLICON,602,21085652,PRJNA989655,SAMN36181745,Metagenome or environmental,13411492,OREGON STATE UNIVERSITY,2020-07,public,"fastq,run.zq,sra","s3,gs,ncbi","s3.us-east-1,ncbi.public,gs.us-east1",SRX20853850,USA,North America,"USA: Corvallis\, OR",Phaseolus vulgaris,Illumina MiSeq,37_D34_myco,44.555881 N 123.214569 W,37_D34_myco_D34,PAIRED,PCR,METAGENOMIC,rhizosphere metagenome,ILLUMINA,2023-06-30T00:00:00Z,2023-06-30T19:41:00Z,1,37_D34_myco,SRP446870
SRR25100909,AMPLICON,602,18466350,PRJNA989655,SAMN36181771,Metagenome or environmental,11873964,OREGON STATE UNIVERSITY,2020-07,public,"fastq,sra,run.zq","ncbi,gs,s3","s3.us-east-1,gs.us-east1,ncbi.public",SRX20853849,USA,North America,"USA: Corvallis\, OR",Phaseolus vulgaris,Illumina MiSeq,64_D125_myco,44.555881 N 123.214569 W,64_D125_myco_D125,PAIRED,PCR,METAGENOMIC,rhizosphere metagenome,ILLUMINA,2023-06-30T00:00:00Z,2023-06-30T19:41:00Z,1,64_D125_myco,SRP446870
SRR25100910,AMPLICON,602,22856736,PRJNA989655,SAMN36181770,Metagenome or environmental,14360257,OREGON STATE UNIVERSITY,2020-07,public,"run.zq,fastq,sra","s3,ncbi,gs","s3.us-east-1,ncbi.public,gs.us-east1",SRX20853848,USA,North America,"USA: Corvallis\, OR",Phaseolus vulgaris,Illumina MiSeq,52_C91_myco,44.555881 N 123.214569 W,52_C91_myco_C91,PAIRED,PCR,METAGENOMIC,rhizosphere metagenome,ILLUMINA,2023-06-30T00:00:00Z,2023-06-30T19:41:00Z,1,52_C91_myco,SRP446870
SRR25100911,AMPLICON,602,7274568,PRJNA989655,SAMN36181769,Metagenome or environmental,4765385,OREGON STATE UNIVERSITY,2020-07,public,"fastq,sra,run.zq","ncbi,gs,s3","gs.us-east1,ncbi.public,s3.us-east-1",SRX20853847,USA,North America,"USA: Corvallis\, OR",Phaseolus vulgaris,Illumina MiSeq,40_B197_myco,44.555881 N 123.214569 W,40_B197_myco_B197,PAIRED,PCR,METAGENOMIC,rhizosphere metagenome,ILLUMINA,2023-06-30T00:00:00Z,2023-06-30T19:41:00Z,1,40_B197_myco,SRP446870
SRR25100912,AMPLICON,602,21470330,PRJNA989655,SAMN36181768,Metagenome or environmental,14078483,OREGON STATE UNIVERSITY,2020-07,public,"run.zq,sra,fastq","gs,s3,ncbi","gs.us-east1,s3.us-east-1,ncbi.public",SRX20853846,USA,North America,"USA: Corvallis\, OR",Phaseolus vulgaris,Illumina MiSeq,28_C2_myco,44.555881 N 123.214569 W,28_C2_myco_C2,PAIRED,PCR,METAGENOMIC,rhizosphere metagenome,ILLUMINA,2023-06-30T00:00:00Z,2023-06-30T19:41:00Z,1,28_C2_myco,SRP446870
SRR25100913,AMPLICON,602,20707596,PRJNA989655,SAMN36181767,Metagenome or environmental,12886733,OREGON STATE UNIVERSITY,2020-07,public,"sra,run.zq,fastq","ncbi,gs,s3","s3.us-east-1,ncbi.public,gs.us-east1",SRX20853845,USA,North America,"USA: Corvallis\, OR",Phaseolus vulgaris,Illumina MiSeq,16_B29_myco,44.555881 N 123.214569 W,16_B29_myco_B29,PAIRED,PCR,METAGENOMIC,rhizosphere metagenome,ILLUMINA,2023-06-30T00:00:00Z,2023-06-30T19:42:00Z,1,16_B29_myco,SRP446870
SRR25100914,AMPLICON,602,26222518,PRJNA989655,SAMN36181766,Metagenome or environmental,16623103,OREGON STATE UNIVERSITY,2020-07,public,"fastq,sra,run.zq","gs,ncbi,s3","gs.us-east1,s3.us-east-1,ncbi.public",SRX20853844,USA,North America,"USA: Corvallis\, OR",Phaseolus vulgaris,Illumina MiSeq,4_Hystyle_myco,44.555881 N 123.214569 W,4_Hystyle_myco_Hystyle,PAIRED,PCR,METAGENOMIC,rhizosphere metagenome,ILLUMINA,2023-06-30T00:00:00Z,2023-06-30T19:41:00Z,1,4_Hystyle_myco,SRP446870
SRR25100915,AMPLICON,602,30523206,PRJNA989655,SAMN36181765,Metagenome or environmental,19552531,OREGON STATE UNIVERSITY,2020-07,public,"sra,run.zq,fastq","s3,gs,ncbi","s3.us-east-1,ncbi.public,gs.us-east1",SRX20853843,USA,North America,"USA: Corvallis\, OR",Phaseolus vulgaris,Illumina MiSeq,87_A107_myco,44.555881 N 123.214569 W,87_A107_myco_A107,PAIRED,PCR,METAGENOMIC,rhizosphere metagenome,ILLUMINA,2023-06-30T00:00:00Z,2023-06-30T19:41:00Z,1,87_A107_myco,SRP446870
SRR25100916,AMPLICON,602,23969232,PRJNA989655,SAMN36181764,Metagenome or environmental,15265046,OREGON STATE UNIVERSITY,2020-07,public,"sra,fastq,run.zq","gs,s3,ncbi","ncbi.public,gs.us-east1,s3.us-east-1",SRX20853842,USA,North America,"USA: Corvallis\, OR",Phaseolus vulgaris,Illumina MiSeq,75_B53_myco,44.555881 N 123.214569 W,75_B53_myco_B53,PAIRED,PCR,METAGENOMIC,rhizosphere metagenome,ILLUMINA,2023-06-30T00:00:00Z,2023-06-30T19:41:00Z,1,75_B53_myco,SRP446870
SRR25100917,AMPLICON,602,16813860,PRJNA989655,SAMN36181763,Metagenome or environmental,10835289,OREGON STATE UNIVERSITY,2020-07,public,"fastq,run.zq,sra","gs,ncbi,s3","gs.us-east1,s3.us-east-1,ncbi.public",SRX20853841,USA,North America,"USA: Corvallis\, OR",Phaseolus vulgaris,Illumina MiSeq,63_A94_myco,44.555881 N 123.214569 W,63_A94_myco_A94,PAIRED,PCR,METAGENOMIC,rhizosphere metagenome,ILLUMINA,2023-06-30T00:00:00Z,2023-06-30T19:42:00Z,1,63_A94_myco,SRP446870
SRR25100918,AMPLICON,602,23455124,PRJNA989655,SAMN36181762,Metagenome or environmental,14723086,OREGON STATE UNIVERSITY,2020-07,public,"run.zq,fastq,sra","s3,ncbi,gs","s3.us-east-1,gs.us-east1,ncbi.public",SRX20853840,USA,North America,"USA: Corvallis\, OR",Phaseolus vulgaris,Illumina MiSeq,51_A67_myco,44.555881 N 123.214569 W,51_A67_myco_A67,PAIRED,PCR,METAGENOMIC,rhizosphere metagenome,ILLUMINA,2023-06-30T00:00:00Z,2023-06-30T19:42:00Z,1,51_A67_myco,SRP446870
SRR25100919,AMPLICON,602,16925230,PRJNA989655,SAMN36181744,Metagenome or environmental,10594887,OREGON STATE UNIVERSITY,2020-07,public,"run.zq,fastq,sra","ncbi,gs,s3","s3.us-east-1,gs.us-east1,ncbi.public",SRX20853839,USA,North America,"USA: Corvallis\, OR",Phaseolus vulgaris,Illumina MiSeq,25_A116_myco,44.555881 N 123.214569 W,25_A116_myco_A116,PAIRED,PCR,METAGENOMIC,rhizosphere metagenome,ILLUMINA,2023-06-30T00:00:00Z,2023-06-30T19:42:00Z,1,25_A116_myco,SRP446870
SRR25100920,AMPLICON,602,13056176,PRJNA989655,SAMN36181761,Metagenome or environmental,8337691,OREGON STATE UNIVERSITY,2020-07,public,"sra,fastq,run.zq","gs,ncbi,s3","s3.us-east-1,gs.us-east1,ncbi.public",SRX20853838,USA,North America,"USA: Corvallis\, OR",Phaseolus vulgaris,Illumina MiSeq,39_D34_myco,44.555881 N 123.214569 W,39_D34_myco_D34,PAIRED,PCR,METAGENOMIC,rhizosphere metagenome,ILLUMINA,2023-06-30T00:00:00Z,2023-06-30T19:42:00Z,1,39_D34_myco,SRP446870
